Workbook

Sheet Historical_Data
A1: Customer_ID | B1: Age | C1: Gender | D1: Monthly_Income | E1: Credit_Score | F1: Employment_Years | G1: Existing_Loans | H1: Loan_Approved | I1: Age_Scaled | J1: Monthly_Income_Scaled | K1: Credit_Score_Scaled | L1: Employment_Years_Scaled | M1: Existing_Loans_Scaled | N1: Distance_to_NEW001
A2: C001 | B2: 24 | C2: Male | D2: 152904 | E2: 641 | F2: 20 | G2: 0 | H2: Yes | I2: =(B2-Summary!B$105)/(Summary!B$106-Summary!B$105) -> 0.052631579 | J2: =(D2-Summary!C$105)/(Summary!C$106-Summary!C$105) -> 0.83477132 | K2: =(E2-Summary!D$105)/(Summary!D$106-Summary!D$105) -> 0.35825545 | L2: =(F2-Summary!E$105)/(Summary!E$106-Summary!E$105) -> 1 | M2: =(G2-Summary!F$105)/(Summary!F$106-Summary!F$105) -> 0 | N2: =SQRT((I2-Summary!B$109)^2+(J2-Summary!C$109)^2+(K2-Summary!D$109)^2+(L2-Summary!E$109)^2+(M2-Summary!F$109)^2) -> 0.95575984
A3: C002 | B3: 51 | C3: Female | D3: 50385 | E3: 820 | F3: 16 | G3: 2 | H3: Yes | I3: =(B3-Summary!B$105)/(Summary!B$106-Summary!B$105) -> 0.76315789 | J3: =(D3-Summary!C$105)/(Summary!C$106-Summary!C$105) -> 0.1947396 | K3: =(E3-Summary!D$105)/(Summary!D$106-Summary!D$105) -> 0.91588785 | L3: =(F3-Summary!E$105)/(Summary!E$106-Summary!E$105) -> 0.8 | M3: =(G3-Summary!F$105)/(Summary!F$106-Summary!F$105) -> 0.66666667 | N3: =SQRT((I3-Summary!B$109)^2+(J3-Summary!C$109)^2+(K3-Summary!D$109)^2+(L3-Summary!E$109)^2+(M3-Summary!F$109)^2) -> 0.80390976
A4: C003 | B4: 47 | C4: Male | D4: 148394 | E4: 683 | F4: 6 | G4: 3 | H4: Yes | I4: =(B4-Summary!B$105)/(Summary!B$106-Summary!B$105) -> 0.65789474 | J4: =(D4-Summary!C$105)/(Summary!C$106-Summary!C$105) -> 0.80661514 | K4: =(E4-Summary!D$105)/(Summary!D$106-Summary!D$105) -> 0.48909657 | L4: =(F4-Summary!E$105)/(Summary!E$106-Summary!E$105) -> 0.3 | M4: =(G4-Summary!F$105)/(Summary!F$106-Summary!F$105) -> 1 | N4: =SQRT((I4-Summary!B$109)^2+(J4-Summary!C$109)^2+(K4-Summary!D$109)^2+(L4-Summary!E$109)^2+(M4-Summary!F$109)^2) -> 0.92005111
A5: C004 | B5: 38 | C5: Female | D5: 19192 | E5: 751 | F5: 20 | G5: 3 | H5: Yes | I5: =(B5-Summary!B$105)/(Summary!B$106-Summary!B$105) -> 0.42105263 | J5: =(D5-Summary!C$105)/(Summary!C$106-Summary!C$105) -> 0 | K5: =(E5-Summary!D$105)/(Summary!D$106-Summary!D$105) -> 0.70093458 | L5: =(F5-Summary!E$105)/(Summary!E$106-Summary!E$105) -> 1 | M5: =(G5-Summary!F$105)/(Summary!F$106-Summary!F$105) -> 1 | N5: =SQRT((I5-Summary!B$109)^2+(J5-Summary!C$109)^2+(K5-Summary!D$109)^2+(L5-Summary!E$109)^2+(M5-Summary!F$109)^2) -> 1.0070017
A6: C005 | B6: 38 | C6: Female | D6: 147089 | E6: 671 | F6: 10 | G6: 1 | H6: Yes | I6: =(B6-Summary!B$105)/(Summary!B$106-Summary!B$105) -> 0.42105263 | J6: =(D6-Summary!C$105)/(Summary!C$106-Summary!C$105) -> 0.79846795 | K6: =(E6-Summary!D$105)/(Summary!D$106-Summary!D$105) -> 0.4517134 | L6: =(F6-Summary!E$105)/(Summary!E$106-Summary!E$105) -> 0.5 | M6: =(G6-Summary!F$105)/(Summary!F$106-Summary!F$105) -> 0.33333333 | N6: =SQRT((I6-Summary!B$109)^2+(J6-Summary!C$109)^2+(K6-Summary!D$109)^2+(L6-Summary!E$109)^2+(M6-Summary!F$109)^2) -> 0.54672025
A7: C006 | B7: 55 | C7: Male | D7: 145482 | E7: 608 | F7: 10 | G7: 1 | H7: No | I7: =(B7-Summary!B$105)/(Summary!B$106-Summary!B$105) -> 0.86842105 | J7: =(D7-Summary!C$105)/(Summary!C$106-Summary!C$105) -> 0.78843537 | K7: =(E7-Summary!D$105)/(Summary!D$106-Summary!D$105) -> 0.25545171 | L7: =(F7-Summary!E$105)/(Summary!E$106-Summary!E$105) -> 0.5 | M7: =(G7-Summary!F$105)/(Summary!F$106-Summary!F$105) -> 0.33333333 | N7: =SQRT((I7-Summary!B$109)^2+(J7-Summary!C$109)^2+(K7-Summary!D$109)^2+(L7-Summary!E$109)^2+(M7-Summary!F$109)^2) -> 0.8698991
A8: C007 | B8: 24 | C8: Male | D8: 144419 | E8: 772 | F8: 9 | G8: 2 | H8: Yes | I8: =(B8-Summary!B$105)/(Summary!B$106-Summary!B$105) -> 0.052631579 | J8: =(D8-Summary!C$105)/(Summary!C$106-Summary!C$105) -> 0.781799 | K8: =(E8-Summary!D$105)/(Summary!D$106-Summary!D$105) -> 0.76635514 | L8: =(F8-Summary!E$105)/(Summary!E$106-Summary!E$105) -> 0.45 | M8: =(G8-Summary!F$105)/(Summary!F$106-Summary!F$105) -> 0.66666667 | N8: =SQRT((I8-Summary!B$109)^2+(J8-Summary!C$109)^2+(K8-Summary!D$109)^2+(L8-Summary!E$109)^2+(M8-Summary!F$109)^2) -> 0.6016567
A9: C008 | B9: 48 | C9: Female | D9: 125706 | E9: 840 | F9: 3 | G9: 0 | H9: Yes | I9: =(B9-Summary!B$105)/(Summary!B$106-Summary!B$105) -> 0.68421053 | J9: =(D9-Summary!C$105)/(Summary!C$106-Summary!C$105) -> 0.66497272 | K9: =(E9-Summary!D$105)/(Summary!D$106-Summary!D$105) -> 0.97819315 | L9: =(F9-Summary!E$105)/(Summary!E$106-Summary!E$105) -> 0.15 | M9: =(G9-Summary!F$105)/(Summary!F$106-Summary!F$105) -> 0 | N9: =SQRT((I9-Summary!B$109)^2+(J9-Summary!C$109)^2+(K9-Summary!D$109)^2+(L9-Summary!E$109)^2+(M9-Summary!F$109)^2) -> 0.7223659
A10: C009 | B10: 29 | C10: Male | D10: 94394 | E10: 607 | F10: 19 | G10: 1 | H10: Yes | I10: =(B10-Summary!B$105)/(Summary!B$106-Summary!B$105) -> 0.18421053 | J10: =(D10-Summary!C$105)/(Summary!C$106-Summary!C$105) -> 0.46949019 | K10: =(E10-Summary!D$105)/(Summary!D$106-Summary!D$105) -> 0.25233645 | L10: =(F10-Summary!E$105)/(Summary!E$106-Summary!E$105) -> 0.95 | M10: =(G10-Summary!F$105)/(Summary!F$106-Summary!F$105) -> 0.33333333 | N10: =SQRT((I10-Summary!B$109)^2+(J10-Summary!C$109)^2+(K10-Summary!D$109)^2+(L10-Summary!E$109)^2+(M10-Summary!F$109)^2) -> 0.7468359
A11: C010 | B11: 24 | C11: Male | D11: 132237 | E11: 777 | F11: 0 | G11: 0 | H11: Yes | I11: =(B11-Summary!B$105)/(Summary!B$106-Summary!B$105) -> 0.052631579 | J11: =(D11-Summary!C$105)/(Summary!C$106-Summary!C$105) -> 0.70574611 | K11: =(E11-Summary!D$105)/(Summary!D$106-Summary!D$105) -> 0.78193146 | L11: =(F11-Summary!E$105)/(Summary!E$106-Summary!E$105) -> 0 | M11: =(G11-Summary!F$105)/(Summary!F$106-Summary!F$105) -> 0 | N11: =SQRT((I11-Summary!B$109)^2+(J11-Summary!C$109)^2+(K11-Summary!D$109)^2+(L11-Summary!E$109)^2+(M11-Summary!F$109)^2) -> 0.64614882
A12: C011 | B12: 42 | C12: Female | D12: 62893 | E12: 606 | F12: 3 | G12: 3 | H12: No | I12: =(B12-Summary!B$105)/(Summary!B$106-Summary!B$105) -> 0.52631579 | J12: =(D12-Summary!C$105)/(Summary!C$106-Summary!C$105) -> 0.27282773 | K12: =(E12-Summary!D$105)/(Summary!D$106-Summary!D$105) -> 0.24922118 | L12: =(F12-Summary!E$105)/(Summary!E$106-Summary!E$105) -> 0.15 | M12: =(G12-Summary!F$105)/(Summary!F$106-Summary!F$105) -> 1 | N12: =SQRT((I12-Summary!B$109)^2+(J12-Summary!C$109)^2+(K12-Summary!D$109)^2+(L12-Summary!E$109)^2+(M12-Summary!F$109)^2) -> 0.85959928
A13: C012 | B13: 60 | C13: Female | D13: 144478 | E13: 757 | F13: 4 | G13: 2 | H13: Yes | I13: =(B13-Summary!B$105)/(Summary!B$106-Summary!B$105) -> 1 | J13: =(D13-Summary!C$105)/(Summary!C$106-Summary!C$105) -> 0.78216734 | K13: =(E13-Summary!D$105)/(Summary!D$106-Summary!D$105) -> 0.71962617 | L13: =(F13-Summary!E$105)/(Summary!E$106-Summary!E$105) -> 0.2 | M13: =(G13-Summary!F$105)/(Summary!F$106-Summary!F$105) -> 0.66666667 | N13: =SQRT((I13-Summary!B$109)^2+(J13-Summary!C$109)^2+(K13-Summary!D$109)^2+(L13-Summary!E$109)^2+(M13-Summary!F$109)^2) -> 0.93106087
... A101: C100 | B101: 26 | C101: Male | D101: 173828 | E101: 527 | F101: 8 | G101: 2 | H101: Yes | I101: =(B101-Summary!B$105)/(Summary!B$106-Summary!B$105) -> 0.10526316 | J101: =(D101-Summary!C$105)/(Summary!C$106-Summary!C$105) -> 0.96540099 | K101: =(E101-Summary!D$105)/(Summary!D$106-Summary!D$105) -> 0.0031152648 | L101: =(F101-Summary!E$105)/(Summary!E$106-Summary!E$105) -> 0.4 | M101: =(G101-Summary!F$105)/(Summary!F$106-Summary!F$105) -> 0.66666667 | N101: =SQRT((I101-Summary!B$109)^2+(J101-Summary!C$109)^2+(K101-Summary!D$109)^2+(L101-Summary!E$109)^2+(M101-Summary!F$109)^2) -> 0.98378078

Sheet New_Customer
A1: Customer_ID | B1: Age | C1: Gender | D1: Monthly_Income | E1: Credit_Score | F1: Employment_Years | G1: Existing_Loans
A2: NEW001 | B2: 32 | C2: Male | D2: 75000 | E2: 742 | F2: 7 | G2: 1

Sheet Summary
A1: KNN LOAN APPROVAL — SOLVED
A2: Model | B2: K-Nearest Neighbors (KNN)
A3: K | B3: 5
A4: New customer | B4: NEW001
A5: Final prediction | B5: Yes
A6: Yes votes among 5 nearest | B6: 5
A7: No votes among 5 nearest | B7: 0
A8: Decision rule | B8: Majority vote
A10: Feature | B10: Minimum | C10: Maximum
A11: Age | B11: 22 | C11: 60
A12: 5 NEAREST NEIGHBOURS | B12: 19192 | C12: 179370
A13: Rank | B13: Customer_ID | C13: Loan_Approved | D13: Distance
A14: 1 | B14: C047 | C14: Yes | D14: 0.3713914
A15: 2 | B15: C044 | C15: Yes | D15: 0.37895296
A16: 3 | B16: C083 | C16: Yes | D16: 0.40008922
A17: 4 | B17: C088 | C17: Yes | D17: 0.40403267
A18: 5 | B18: C034 | C18: Yes | D18: 0.4454637
A103: Excel calculation support
A104: Feature | B104: Age | C104: Monthly_Income | D104: Credit_Score | E104: Employment_Years | F104: Existing_Loans
A105: Minimum | B105: 22 | C105: 19192 | D105: 526 | E105: 0 | F105: 0
A106: Maximum | B106: 60 | C106: 179370 | D106: 847 | E106: 20 | F106: 3
A108: New customer scaled
A109: Scaled value | B109: 0.26315789 | C109: 0.34841239 | D109: 0.6728972 | E109: 0.35 | F109: 0.33333333

Sheet Explanation
A1: 1. What is KNN? | B1: KNN predicts a new customer's class by looking at the K most similar historical customers.
A2: 2. Why scaling? | B2: Income is measured in tens of thousands while age is measured in years. Without scaling, income would dominate the distance calculation.
A3: 3. Distance formula | B3: Euclidean distance = SQRT((x1-y1)^2 + (x2-y2)^2 + ...).
A4: 4. Why K = 5? | B4: For this classroom exercise, K=5 is used. An odd K reduces the chance of a tie in binary classification.
A5: 5. Prediction | B5: The 5 nearest customers contain 5 Yes votes and 0 No votes, so the model predicts Yes.
A6: 6. Business interpretation | B6: The model does not prove that a customer will repay a loan. It classifies the customer based on similarity to historical cases.
A7: 7. Limitation | B7: Real lending decisions require much more robust validation, fairness checks, regulatory controls and financially meaningful outcome labels.
